condition,gene,modification,feature,insertname,link,tag
AR-V7_GFP-FLAG,AR,wt,activating,"AR (transcript variant 1, splice isoform) ",https://www.addgene.org/64635/,GFP-FLAG
AREG_GFP-FLAG,AREG,wt,activating,,,GFP-FLAG
"b-catenin (S33A, S37A, T41A)_GFP-FLAG",CTNNB1,"S33A, S37A, T41A",activating,Ctnnb1,,GFP-FLAG
b-catenin (S33Y)_GFP-FLAG,CTNNB1,S33Y,activating,Ctnnb1,,GFP-FLAG
BCL-2_GFP-FLAG,BCL2,wt,,,,GFP-FLAG
BCL-XL_GFP-FLAG,BCL2L1,wt,,,,GFP-FLAG
C-term-FLAG-Stat3(A661C/N663C)_C-TER FLAG,STAT3,A661C/N663C,,,,FLAG
Caspase-3 (C163A)_GFP-FLAG,CASP3,C163A,,,,GFP-FLAG
Caspase-8 (C360A)_GFP-FLAG,CASP8,C360A,,,,GFP-FLAG
CYR61_GFP-FLAG,CCN1,wt,,,,GFP-FLAG
EFNB1_GFP-FLAG,EFNB1,wt,,,,GFP-FLAG
EGFR_GFP-FLAG,EGFR,wt,,,,GFP-FLAG
Empty_nan,Empt,wt,,,,EMPTY
EPHA1_GFP-FLAG,EPHA1,wt,,,,GFP-FLAG
Er alpha (Y537S mutant)_GFP-FLAG,ESRRA,Y537S,,,https://www.addgene.org/64634/,GFP-FLAG
ERBB2_GFP-FLAG,ERBB2,wt,,,,GFP-FLAG
ERBB3_GFP-FLAG,ERBB3,wt,,,,GFP-FLAG
EREG_GFP-FLAG,EREG,wt,,,,GFP-FLAG
FGF1_GFP-FLAG,FGF1,wt,,,,GFP-FLAG
FGFR1_GFP-FLAG,FGFR1,wt,,,,GFP-FLAG
FLAG-IKKb (S177E/S181E)_C-TER FLAG,IKBKB,S177E/S181E,,,https://www.addgene.org/64609/,FLAG
FLAG-Rheb (Q64L)_C-TER FLAG,RHEB,Q64L,,,,FLAG
FLAG-Rheb (Q64L)_GFP-FLAG,RHEB,Q64L,,,,GFP-FLAG
GFP_GFP-FLAG,GFP,wt,,,,GFP-FLAG
GFP_nan,GFP,wt,,,,GFP-FLAG
Gli2 truncation_GFP-FLAG,GLI2,truncation,,,,GFP-FLAG
"H-Ras (G12V, E37G )_GFP-FLAG",HRAS,"G12V, E37G",,,,GFP-FLAG
HBEGF_GFP-FLAG,HBEGF,wt,,,,GFP-FLAG
HcRed_GFP-FLAG,HcRed,wt,,,,GFP-FLAG
Hras (G12V)_GFP-FLAG,HRAS,"G12V, E37G",,,,GFP-FLAG
IGF2_GFP-FLAG,IGF2,wt,,,,GFP-FLAG
IKKa (S176E/S180E)_GFP-FLAG,CHUK,S176E/S180E,,,,GFP-FLAG
JAK2 (V617F)_GFP-FLAG,JAK2,V617F,,,,GFP-FLAG
JNK2 WT O/E (MAPK9)_GFP-FLAG,MAPK9,MAPK9,,,,GFP-FLAG
Kras (G12V)_GFP-FLAG,KRAS,"G12V, E37G",,,,GFP-FLAG
Luciferase_GFP-FLAG,Luciferase,wt,,,,GFP-FLAG
MEK1 (S218D/S222D)_GFP-FLAG,MAP2K1,S218D/S222D,,,,GFP-FLAG
MEK5 DD_GFP-FLAG,MAP2K5,DD,,,,GFP-FLAG
MKK6(S218D/S222D)_GFP-FLAG,MAP2K6,S218D/S222D,,,,GFP-FLAG
MKK6(S207E/T211E)_GFP-FLAG,MAP2K6,S207E/T211E,,,,GFP-FLAG
Mkk7-JNK2 fusion_GFP-FLAG,MAP2K7,JNK2 fusion,,,,GFP-FLAG
myr-FLAG-Akt_C-TER FLAG,AKT1,wt,,,,FLAG
myr-FLAG-PI3K_C-TER FLAG,PIK3CA,wt,,,,FLAG
myr-MEK5_GFP-FLAG,MAP2K5,wt,,,,GFP-FLAG
Notch1 intracell.domain_GFP-FLAG,NOTCH1,intracell.domain,,,,GFP-FLAG
Notch3 intracell.domain_GFP-FLAG,NOTCH3,intracell.domain,,,,GFP-FLAG
p38 WT O/E (MAPK14)_GFP-FLAG,MAPK14,WT,,,,GFP-FLAG
p53 (R175H mutant DN )_GFP-FLAG,TP53,R175H mutant DN,,,,GFP-FLAG
RalA(G23V)(two forms - full and mature peptide)_GFP-FLAG,RALA,G23V(two forms - full and mature peptide),,,,GFP-FLAG
Rgl2-CAAX_GFP-FLAG,RGL2,C-term KRAS ,,,,GFP-FLAG
SmoM2_GFP-FLAG,SMO,wt,,,,GFP-FLAG
TGFB1_GFP-FLAG,TGFB1,wt,,,,GFP-FLAG
TGFBR1_GFP-FLAG,TGFBR1,wt,,,,GFP-FLAG
TGFBR2_GFP-FLAG,TGFBR2,wt,,,,GFP-FLAG
TNF_GFP-FLAG,TNF,wt,,,,GFP-FLAG
TNFRSF1A_GFP-FLAG,TNFRSF1A,wt,,,,GFP-FLAG
YAP2 5SA_GFP-FLAG,YAP1,5SA,,,,GFP-FLAG
